policy,committed_year,window_start,window_end,stage,attempt,time_limit_seconds,runtime_seconds,status,message,mip_gap,mip_node_count,has_incumbent
m1_zero_price_profit,2024,2024,2026,pure_profit,1,60.0,6.7003938000125345,0,Optimization terminated successfully. (HiGHS Status 7: Optimal),0.04282485599754675,1,True
m1_zero_price_profit,2025,2025,2027,pure_profit,1,60.0,6.367420499998843,0,Optimization terminated successfully. (HiGHS Status 7: Optimal),0.02182917708193131,1,True
m1_zero_price_profit,2026,2026,2028,pure_profit,1,60.0,7.567275099994731,0,Optimization terminated successfully. (HiGHS Status 7: Optimal),0.042029013400988094,1,True
m1_zero_price_profit,2027,2027,2029,pure_profit,1,60.0,5.302256800001487,0,Optimization terminated successfully. (HiGHS Status 7: Optimal),0.022238484557587136,1,True
m1_zero_price_profit,2028,2028,2030,pure_profit,1,60.0,6.02541430000565,0,Optimization terminated successfully. (HiGHS Status 7: Optimal),0.04676543744385314,1,True
m1_zero_price_profit,2029,2029,2030,pure_profit,1,60.0,3.2890810999961104,0,Optimization terminated successfully. (HiGHS Status 7: Optimal),0.006314243287565928,1,True
m1_zero_price_profit,2030,2030,2030,pure_profit,1,60.0,0.6102744000090752,0,Optimization terminated successfully. (HiGHS Status 7: Optimal),0.01049173566413695,1,True
m1_eta_01,2024,2024,2026,pure_profit,1,60.0,6.742864400002873,0,Optimization terminated successfully. (HiGHS Status 7: Optimal),0.04282485599754675,1,True
m1_eta_01,2024,2024,2026,minimum_waste,1,60.0,60.344857000003685,1,Time limit reached. (HiGHS Status 13: Time limit reached),0.08951166211693735,883,True
m1_eta_01,2024,2024,2026,minimum_waste,2,180.0,73.75121489999583,0,Optimization terminated successfully. (HiGHS Status 7: Optimal),0.04965753688014081,1102,True
m1_eta_01,2025,2025,2027,pure_profit,1,60.0,6.765784800008987,0,Optimization terminated successfully. (HiGHS Status 7: Optimal),0.035487416350190835,1,True
m1_eta_01,2025,2025,2027,minimum_waste,1,60.0,28.67817999998806,0,Optimization terminated successfully. (HiGHS Status 7: Optimal),0.02808302885744811,1,True
m1_eta_01,2026,2026,2028,pure_profit,1,60.0,6.3853919999965,0,Optimization terminated successfully. (HiGHS Status 7: Optimal),0.04441657574126988,1,True
m1_eta_01,2026,2026,2028,minimum_waste,1,60.0,19.330666000008932,0,Optimization terminated successfully. (HiGHS Status 7: Optimal),0.04720865851070999,1,True
m1_eta_01,2027,2027,2029,pure_profit,1,60.0,6.086454200005392,0,Optimization terminated successfully. (HiGHS Status 7: Optimal),0.042241434542574854,1,True
m1_eta_01,2027,2027,2029,minimum_waste,1,60.0,14.198418599989964,0,Optimization terminated successfully. (HiGHS Status 7: Optimal),0.03314292625745668,1,True
m1_eta_01,2028,2028,2030,pure_profit,1,60.0,8.064918799995212,0,Optimization terminated successfully. (HiGHS Status 7: Optimal),0.03731851143721423,1,True
m1_eta_01,2028,2028,2030,minimum_waste,1,60.0,35.626743300003,0,Optimization terminated successfully. (HiGHS Status 7: Optimal),0.029890765953949693,1,True
m1_eta_01,2029,2029,2030,pure_profit,1,60.0,3.094604199999594,0,Optimization terminated successfully. (HiGHS Status 7: Optimal),0.04090545368247216,1,True
m1_eta_01,2029,2029,2030,minimum_waste,1,60.0,13.91694360000838,0,Optimization terminated successfully. (HiGHS Status 7: Optimal),2.2996989632674704e-10,1,True
m1_eta_01,2030,2030,2030,pure_profit,1,60.0,1.0207603000017116,0,Optimization terminated successfully. (HiGHS Status 7: Optimal),0.0016054722643756838,1,True
m1_eta_01,2030,2030,2030,minimum_waste,1,60.0,2.7618727999943076,0,Optimization terminated successfully. (HiGHS Status 7: Optimal),0.03173953127555123,1,True
m1_eta_03,2024,2024,2026,pure_profit,1,60.0,6.947206199998618,0,Optimization terminated successfully. (HiGHS Status 7: Optimal),0.04282485599754675,1,True
m1_eta_03,2024,2024,2026,minimum_waste,1,60.0,22.243827300000703,0,Optimization terminated successfully. (HiGHS Status 7: Optimal),0.03402429455127288,1,True
m1_eta_03,2025,2025,2027,pure_profit,1,60.0,4.971416500004125,0,Optimization terminated successfully. (HiGHS Status 7: Optimal),0.039519229512101885,1,True
m1_eta_03,2025,2025,2027,minimum_waste,1,60.0,27.694466300003114,0,Optimization terminated successfully. (HiGHS Status 7: Optimal),1.5301174278060808e-10,1,True
m1_eta_03,2026,2026,2028,pure_profit,1,60.0,5.510082200009492,0,Optimization terminated successfully. (HiGHS Status 7: Optimal),0.04947973095523827,1,True
m1_eta_03,2026,2026,2028,minimum_waste,1,60.0,13.448078900008113,0,Optimization terminated successfully. (HiGHS Status 7: Optimal),0.023536743160176597,1,True
m1_eta_03,2027,2027,2029,pure_profit,1,60.0,5.561624800000573,0,Optimization terminated successfully. (HiGHS Status 7: Optimal),0.029998175911302532,1,True
m1_eta_03,2027,2027,2029,minimum_waste,1,60.0,17.420022899998003,0,Optimization terminated successfully. (HiGHS Status 7: Optimal),0.04670658940074307,1,True
m1_eta_03,2028,2028,2030,pure_profit,1,60.0,26.56934880001063,0,Optimization terminated successfully. (HiGHS Status 7: Optimal),0.03146411083047866,72,True
m1_eta_03,2028,2028,2030,minimum_waste,1,60.0,41.67957039999601,0,Optimization terminated successfully. (HiGHS Status 7: Optimal),0.03200700597022005,1,True
m1_eta_03,2029,2029,2030,pure_profit,1,60.0,2.3466426999948453,0,Optimization terminated successfully. (HiGHS Status 7: Optimal),0.016805379915306833,1,True
m1_eta_03,2029,2029,2030,minimum_waste,1,60.0,19.51820589999261,0,Optimization terminated successfully. (HiGHS Status 7: Optimal),0.016164235310433567,1,True
m1_eta_03,2030,2030,2030,pure_profit,1,60.0,0.9691642000107095,0,Optimization terminated successfully. (HiGHS Status 7: Optimal),0.013710426900225002,1,True
m1_eta_03,2030,2030,2030,minimum_waste,1,60.0,2.2575783000065712,0,Optimization terminated successfully. (HiGHS Status 7: Optimal),2.7048544114039106e-09,1,True
m1_half_price,2024,2024,2026,half_price_profit,1,60.0,2.2433432999969227,0,Optimization terminated successfully. (HiGHS Status 7: Optimal),0.011729216460795368,1,True
m1_half_price,2025,2025,2027,half_price_profit,1,60.0,0.8446115999977337,0,Optimization terminated successfully. (HiGHS Status 7: Optimal),0.030678775988569953,1,True
m1_half_price,2026,2026,2028,half_price_profit,1,60.0,0.9758583000075305,0,Optimization terminated successfully. (HiGHS Status 7: Optimal),0.03932935094157266,1,True
m1_half_price,2027,2027,2029,half_price_profit,1,60.0,0.2104028999892762,0,Optimization terminated successfully. (HiGHS Status 7: Optimal),0.04095685782347786,1,True
m1_half_price,2028,2028,2030,half_price_profit,1,60.0,0.773422300000675,0,Optimization terminated successfully. (HiGHS Status 7: Optimal),0.04042629447641598,1,True
m1_half_price,2029,2029,2030,half_price_profit,1,60.0,0.2368304999981774,0,Optimization terminated successfully. (HiGHS Status 7: Optimal),0.03327488780220901,1,True
m1_half_price,2030,2030,2030,half_price_profit,1,60.0,0.07487419999961276,0,Optimization terminated successfully. (HiGHS Status 7: Optimal),0.03693710675775299,1,True
